datetime,0,1,2,3,4,5,6,7,8,9,10,11,12,13,14,15,16,17,18,19,20,21,22,23,24,25,26,27,28,29,30,31,32,33,34,35,36,37,38,39,40,41,42,43,44,45,46,47,48,49,50,51,52,53,54,55,56,57,58,59,60,61,62,63,64,65,66,67,68,69,70,71,72,73,74,75,76,77,78,79,80,81,82,83,84,85,86,87,88,89,90,91,92,93,94,95,96,97,98,99,100,101,102,103,104,105,106,107,108,109,110,111,112,113,114,115,116,117,118,119,120,121,122,123,124,125,126,127,128,129,130,131,132,133,134,135,136,137,138,139,140,141,142,143,144,145,146,147,148,149,150,151,152,153,154,155,156,157,158,159,160,161,162,163,164,165,166,167,168,169,170,171,172,173,174,175,176,177,178,179,180,181,182,183,184,185,186,187,188,189,190,191,192,193,194,195,196,197,198,199,200,201,202,203,204,205,206,207,208,209,210,211,212,213,214,215,216,217,218,219,220,221,222,223,224,225,226,227,228,229,230,231,232,233,234,235,236,237,238,239,240,241,242,243,244,245,246,247,248,249,250,251,252,253,254,255,256,257,258,259,260,261,262,263,264,265,266,267,268,269,270,271,272,273,274,275,276,277,278,279,280,281,282,283,284,285,286,287,288,289,290,291,292,293,294,295,296,297,298,299,300,301,302,303,304,305,306,307,308,309,310,311,312,313,314,315,316,317,318,319,320,321,322,323,324,325,326,327,328,329,330,331,332,333,334,335,336,337,338,339,340,341,342,343,344,345,346,347,348,349,350,351,352,353,354,355,356,357,358,359
2024-08-04 15:20:28.620158,0,248,2480,2481,2491,2496,2503,2514,2520,2531,1958,2492,2490,2503,2269,1965,2489,2521,1464,1459,1851,1773,197,475,525,0,0,528,531,533,321,0,0,217,0,0,0,0,0,0,0,0,362,917,929,942,954,967,981,924,583,234,1482,1689,660,2147,2399,2377,2355,2331,2307,2288,975,0,1020,0,0,1220,915,275,245,2127,1069,1429,2129,2123,2117,2110,1404,1406,2130,2114,2109,2103,2098,1796,1580,1926,1841,1279,1063,1594,1593,1594,1598,1602,1141,1608,1611,1614,1618,1635,1647,1656,1665,1673,1684,1693,1708,1720,246,0,0,1683,2378,2400,2423,2446,2471,2501,2167,2568,2595,2613,2658,2688,2705,2766,1551,1336,894,1196,2029,2483,3123,3098,3237,3311,3344,3453,2941,926,471,476,969,577,585,0,1898,2667,2655,2728,2743,2741,1828,468,933,652,892,1095,916,1939,0,3592,3615,0,0,0,0,3452,0,6056,1024,2985,3347,2014,5027,8535,6704,2518,6044,3679,3349,2875,3017,9967,7054,2308,774,713,887,761,930,1094,775,543,1945,2264,306,2099,2511,0,0,1630,4236,4432,2711,2628,2277,4489,4369,4263,6988,5705,2573,2037,3008,2927,1422,4592,4190,1722,2032,0,3527,2962,2266,642,2646,4598,1437,0,0,651,1096,1661,0,0,0,0,571,897,966,1419,1741,861,3840,1601,0,0,727,0,3821,569,2664,4394,4435,2537,2647,2717,1471,2043,3055,4921,2797,6727,0,0,0,0,1086,0,845,1681,0,0,0,0,0,0,0,0,0,0,0,0,0,922,0,0,0,0,0,0,914,615,0,0,0,0,0,0,0,0,323,404,152,0,71,96,57,58,63,344,460,746,620,592,0,658,2771,1839,1537,2229,986,335,318,77,467,684,620,918,1322,1625,1177,1868,2050,2277,1529,2339,1771,1373,1705,1133,1356,2364,2396,340,431,960,1601,2161,1951,1780,1291,0,0,0,0,0
2024-08-04 15:20:29.699823,0,550,2478,2484,2490,2495,2504,2513,2522,2532,2392,2513,2466,2480,1425,711,1086,2096,1997,2636,748,993,880,868,350,0,262,527,529,531,534,88,88,136,0,0,0,0,0,0,0,0,180,610,476,753,782,796,993,998,902,505,675,1007,788,1508,1802,1357,1567,2395,2376,2357,1555,1020,931,461,459,2188,1066,0,699,1043,864,1600,1779,1765,1308,1050,2115,2108,2099,2093,1675,1351,1411,1365,1592,1592,1595,1595,1596,1598,1600,1602,1606,1286,0,1617,1620,1629,1634,1640,1647,1656,1665,1671,1681,1696,1707,1721,433,0,0,1765,2375,2394,2418,2444,2468,2499,1950,2484,2527,2585,2613,2647,2696,2708,1462,1310,666,1816,3023,3098,3168,3237,3285,3364,3449,3505,3206,591,0,0,0,0,0,0,1882,1634,2212,2103,2397,1739,1802,902,340,547,342,461,305,862,2771,2393,3586,0,1729,0,1451,3544,0,4345,2466,2470,2563,2009,4838,4692,7295,7374,9052,4153,836,2001,1127,4251,5309,689,620,715,670,948,1084,943,940,719,3722,1350,1398,3427,1142,0,0,1422,3264,3024,1351,0,1803,3360,3747,3982,5100,6748,1615,5138,4519,5045,5407,6814,4820,2047,0,0,2357,1150,1279,1999,3926,6825,1016,0,0,0,764,2319,0,0,0,0,534,1053,1041,1038,943,298,2019,884,0,793,993,1598,952,0,3149,5225,4372,3440,0,2427,0,738,4308,6152,2612,6053,933,958,0,925,813,0,0,0,0,0,0,0,0,0,0,0,0,0,3107,0,0,508,435,0,0,0,0,0,0,921,264,0,0,0,0,0,100,201,231,289,152,0,142,191,144,72,0,287,574,577,194,0,0,0,1265,1907,1397,2688,1595,548,560,110,86,725,501,552,791,1363,1358,1864,1545,2010,1709,1779,1179,456,1828,1177,934,2376,2398,1024,952,1191,1791,1603,1591,1187,944,0,0,0,0,0
2024-08-04 15:20:31.003101,0,247,1652,1491,1868,1997,1667,2011,1892,1899,1891,2499,2488,2504,2240,1518,1866,2532,1444,1325,1847,1682,225,411,525,0,0,529,530,533,401,0,0,90,0,0,0,0,0,0,0,0,0,802,928,941,955,966,980,1019,612,168,1204,1449,1068,1902,2405,2379,2356,2330,2307,2286,1136,0,766,0,536,1868,1279,207,276,2128,1610,2145,2129,2120,2115,2109,2102,900,2115,2104,1844,2000,2028,1751,1510,1843,1792,1279,1196,1594,1595,1594,1599,1603,1175,1513,1612,1616,1619,1633,1646,1655,1666,1673,1683,1691,1706,1717,431,0,0,2121,2378,2399,2422,2446,2466,2494,2529,2554,2581,2619,2659,2689,2733,2757,1559,1428,395,2305,2665,2737,2825,2779,2906,3343,3425,3405,2765,461,824,372,378,771,590,0,1551,1683,1903,1907,1994,2230,970,1172,552,254,0,0,0,1879,3475,7218,7198,0,0,0,0,0,0,3910,2473,1502,1542,909,3877,7548,10061,8375,9216,4423,0,0,0,1137,0,1108,1084,1069,1067,1076,1092,1105,156,277,6537,4861,0,1637,1887,0,0,0,4131,8348,7135,7111,0,7190,7464,8682,8693,5721,3225,0,0,0,0,3582,3499,5103,0,0,3013,4438,4080,2333,954,0,0,0,0,1964,2888,0,0,0,0,0,134,1059,1047,1049,960,104,3095,1891,0,693,1255,997,3470,672,5346,6540,5710,1235,3256,1620,0,169,3534,5838,5164,6786,3553,845,963,0,0,0,0,0,0,0,0,0,0,0,0,0,0,0,0,0,0,1526,0,0,0,0,0,0,364,738,0,0,0,0,0,0,0,67,324,403,162,0,0,0,0,0,0,382,575,578,437,0,0,0,2022,3331,1084,3219,1593,568,301,129,130,748,632,829,0,1147,1102,1942,2296,2255,2262,2424,2504,0,0,0,2440,0,0,612,436,536,1203,2399,2387,2371,1417,0,0,0,0,0
2024-08-04 15:20:32.325758,0,0,1653,1861,2176,2218,1947,2199,2207,2215,2274,2499,2479,2492,1950,758,1364,2595,2116,2110,1308,997,433,528,525,0,0,528,530,532,535,0,0,0,0,0,0,0,0,0,0,0,302,733,928,940,953,806,971,1011,591,253,1127,1298,770,1902,2206,1585,1766,2374,2348,2313,1174,799,845,335,852,2185,957,312,0,2129,0,2140,2129,2120,2114,2109,2100,1273,2111,2101,1751,1951,1966,1575,981,1594,1592,1594,1595,1595,1598,1600,1600,1377,1071,1611,1618,1621,1626,1641,1646,1655,1664,1672,1684,1694,1705,1719,870,0,0,1573,2376,2398,2423,2447,2469,2498,2527,2558,2591,2628,2668,2705,2748,2717,1087,953,1461,2620,3053,3110,3174,3238,3315,3387,3470,3539,3003,0,0,0,0,0,0,0,1270,1635,1666,1705,1711,2045,986,1023,789,310,0,0,0,865,4626,7218,5379,0,0,0,0,0,0,5123,3175,3921,3391,4012,6167,8046,7861,7835,5585,3086,0,436,283,1130,1120,1106,1088,1078,1075,1079,1091,734,366,418,7639,1637,0,2285,3262,0,0,0,0,3252,4092,3704,4556,5976,5861,7104,7555,5541,3392,1143,0,0,0,0,0,0,0,0,6379,10451,8179,2024,0,0,0,0,0,1954,3844,0,0,0,0,0,324,1066,1053,1052,872,215,2891,1599,0,0,770,799,1387,2171,5839,5679,5687,3914,819,1587,0,1526,2574,5160,3904,6722,0,0,0,0,0,0,0,0,0,0,0,0,0,0,0,0,0,0,0,0,0,1142,0,0,0,0,0,0,0,786,231,0,0,0,0,0,0,57,404,346,116,0,0,0,0,0,0,343,574,578,349,0,0,0,748,2505,650,3216,1590,490,578,211,259,662,623,331,343,694,1119,1427,2315,1811,759,1899,1320,1149,1697,1746,1939,1332,1598,728,869,1092,1600,1960,2148,1975,1075,0,0,0,0,0
2024-08-04 15:20:33.751567,0,0,2479,2487,2491,2496,2502,2514,2523,2532,2541,2505,2471,2484,2140,0,1447,2621,2668,2275,1041,156,527,525,526,0,0,528,530,532,535,0,0,0,0,0,0,0,0,0,0,0,0,916,927,941,954,967,982,1017,464,253,1311,1413,1240,2077,1713,1697,2417,2106,2034,2325,1735,664,766,284,225,1339,945,409,209,1422,538,2137,2124,2116,2111,2104,2098,1407,1877,2107,1578,1912,1881,1843,1582,1684,1735,1645,1276,1597,1598,1599,1601,1471,1429,1611,1615,1473,1479,1632,1644,1651,1657,1669,1675,1689,1698,1708,779,185,305,1496,2311,2329,2424,2446,2470,2493,2525,2560,2590,2613,2657,2696,2731,2405,998,1169,1604,2543,2541,2586,3108,3206,3265,3271,3404,2792,3417,911,1072,1651,1121,859,1557,1431,1507,1043,1479,1488,1369,1493,1335,606,1515,1211,544,304,501,0,4308,0,0,0,0,0,0,3447,0,6602,1024,0,0,0,4415,5295,8799,8012,8568,3744,675,1252,1023,1129,1114,1103,1087,1074,1074,1083,1102,279,0,0,8147,5725,0,0,0,0,0,0,0,8104,7997,6163,4558,5117,4388,9040,8790,5676,4308,3604,1632,0,0,0,0,3939,2039,0,5296,10395,6848,3366,0,0,0,0,0,980,3201,0,0,0,433,530,314,854,828,846,1510,117,2265,2276,0,0,0,998,1907,1848,1837,3613,3224,3940,0,1864,2449,2744,1174,2454,1127,5714,1926,0,0,0,0,0,0,0,0,0,0,0,0,0,0,0,0,0,0,0,0,764,0,0,0,0,0,0,604,1106,0,0,0,0,0,0,0,67,404,404,271,0,0,0,0,0,95,287,574,957,624,530,0,125,1552,930,0,2586,1841,537,188,139,438,1183,1420,1590,2374,1016,923,1531,2017,1508,1137,2325,1178,980,1397,1133,1557,1980,2398,1040,1189,1691,1913,1372,1592,1424,890,0,0,0,0,0
2024-08-04 15:20:35.260353,0,206,1983,1931,2177,2219,2003,2157,2207,2215,2283,2493,2479,2488,2505,764,1674,2580,2114,1856,1571,1060,424,421,525,526,0,528,530,532,429,0,0,0,0,0,0,0,0,0,0,0,180,915,928,941,955,967,982,1017,676,126,973,1450,1597,1959,1441,1426,2428,2040,2011,2322,1334,1391,764,324,289,1429,913,477,293,1072,0,2138,2125,2119,2112,2103,2098,419,2126,2114,1688,1938,1980,1931,1928,1893,1924,1443,797,1596,1596,1594,1597,1605,1430,1406,1611,1615,1621,1633,1647,1655,1663,1674,1684,1694,1706,1716,576,0,0,1884,2375,2401,2426,2444,2466,2489,2516,2546,2580,2603,2635,2676,2709,2723,1591,1375,2392,1997,1747,1980,2487,2698,2755,3279,3244,3335,3498,1078,1234,1115,1134,1154,881,0,1423,1982,1776,1708,1828,1514,1175,680,1170,334,0,0,0,1730,2751,0,0,0,0,0,0,0,0,6545,800,0,0,0,3431,7612,7306,6870,9212,2953,1312,1826,2217,7087,3336,826,816,837,802,922,845,735,551,188,4592,4308,0,3809,1643,0,0,0,1605,4862,3854,2646,4556,5964,5011,5384,8858,5680,2191,0,0,2549,2475,4586,1649,1470,1686,0,3499,4158,3422,2233,1750,2058,0,0,0,646,1279,977,0,0,0,0,332,1082,1067,1063,974,193,5125,1553,0,0,801,0,2292,741,5196,6275,4913,4002,737,1442,0,0,4260,5227,4560,6734,2880,0,0,0,0,0,0,0,0,0,0,0,0,0,0,0,0,0,0,0,0,1141,763,0,0,0,0,0,730,1106,0,0,0,0,0,0,0,40,404,345,152,0,0,0,0,0,0,457,575,577,348,0,0,0,1502,1670,1957,3216,3184,366,426,108,77,966,713,941,1200,1549,833,1569,2314,1863,1622,1661,2347,1712,1365,1941,1694,1370,0,545,564,1563,1406,2396,2385,2373,1458,0,0,0,0,0
2024-08-04 15:20:36.422012,0,0,1862,1773,2136,1998,1877,2094,2161,2172,2104,2501,2480,2492,1885,947,1428,2564,2055,1756,1456,1191,395,529,526,0,0,528,530,532,402,0,0,77,0,0,0,0,0,0,0,0,301,916,927,939,952,966,981,921,511,394,1099,1546,1135,2078,2402,2376,2352,2330,2306,2289,1137,0,815,848,358,1283,710,242,184,2132,1083,2139,2125,2117,2110,2103,1573,1210,2117,2105,1579,1714,1909,1844,1517,1720,1717,1456,1418,1596,1598,1599,1602,1606,1129,1410,1614,1619,1629,1637,1648,1656,1665,1673,1684,1693,1705,1475,494,0,0,1179,2376,2401,2422,2444,2469,2492,2523,2551,2584,2626,2656,2684,2732,2381,1324,392,1656,2537,2616,2487,2691,2697,2834,3306,3394,3424,2932,404,548,336,340,693,353,0,2132,2649,2657,2725,2741,2458,1705,299,0,0,0,0,0,3068,1725,0,0,0,0,0,0,0,0,5238,2051,0,0,0,2317,4585,6188,8731,8502,3240,776,1830,1757,4102,7078,879,812,833,1523,808,1096,658,365,138,5721,3801,0,1896,2869,0,0,0,0,6517,2393,6154,3641,6268,6248,5128,7673,5112,2707,1018,0,0,0,5374,4232,3836,2019,0,3006,3439,3402,1659,636,0,0,0,0,1291,2563,0,0,0,0,0,244,1075,1062,1055,955,291,4098,1700,0,0,690,886,2278,671,5443,5695,5523,5353,2663,2621,0,185,3468,3409,2941,4029,2348,2213,2015,0,962,1340,0,0,0,0,0,0,0,0,0,0,0,0,0,0,0,1524,0,0,0,0,0,0,518,1578,0,0,0,0,0,0,0,57,289,353,135,0,0,0,0,0,0,358,575,958,766,0,76,107,1360,1854,814,2758,1570,594,379,147,78,1326,797,1071,678,1514,1311,2033,2045,2280,1523,2350,1008,653,1172,1669,1685,1769,1917,1438,1590,1787,2041,1329,1588,1015,524,0,0,0,0,0
2024-08-04 15:20:37.555046,0,0,1860,1773,2076,2140,1787,2153,2103,2110,2214,2494,2483,2490,2229,947,1250,2561,1980,1976,1639,1191,396,529,526,527,0,529,530,533,429,0,0,109,0,0,0,0,0,0,0,0,362,916,927,941,954,967,981,1019,551,273,1375,1386,954,2011,2403,2376,2353,2332,2308,2288,1300,0,255,0,268,1601,1066,313,183,2135,1602,2139,2129,2120,2113,2108,2102,844,2121,2111,1898,2046,1999,1993,1382,1633,1812,1374,1275,1595,1596,1597,1599,1602,1204,1502,1611,1618,1624,1631,1647,1656,1666,1673,1683,1692,1706,1717,767,0,0,1886,2375,2397,2424,2443,2464,2492,2524,2550,2574,2610,2650,2670,2714,2750,1767,1453,462,1953,2037,2221,2724,2701,2855,3276,3334,3376,3420,1079,821,1429,1132,988,1174,593,1067,1344,1991,1705,1714,1511,1535,1214,1040,0,0,0,0,861,4623,7238,7208,0,0,0,0,0,0,3655,2551,3181,3460,1669,5029,4610,7555,6708,6824,3048,2512,4469,3768,5284,5102,686,619,1213,667,612,1096,871,659,447,5710,2292,0,7614,2278,0,0,0,1933,1933,1884,0,2290,5969,5810,6258,6478,5748,3210,0,0,2954,1241,4620,6285,1724,1449,0,3026,4444,4084,2994,544,3424,1679,0,0,977,1923,956,0,0,0,0,879,834,1059,1054,1063,528,2125,1245,0,0,0,1776,1690,0,2407,5117,4861,3919,736,2768,151,831,933,4241,3907,6848,1230,0,1926,0,0,0,0,0,0,0,0,0,0,0,0,0,0,0,0,0,0,1735,0,0,0,0,0,0,0,918,0,0,0,0,0,0,0,57,404,404,152,0,0,0,0,0,0,430,575,577,291,0,0,0,962,2779,1220,3222,1822,483,472,155,97,914,570,1299,184,1419,922,1712,2299,1917,1508,2345,2402,1140,758,1509,2346,763,0,612,532,483,1606,2397,2387,2370,1580,0,0,0,0,0
2024-08-04 15:20:38.684789,0,0,2064,1488,1659,1872,2146,1436,1801,2171,2213,2243,2485,2489,2008,1404,1666,2552,1849,1973,1643,1366,377,409,526,3326,0,529,424,532,321,0,0,0,0,647,0,0,458,0,0,0,1000,785,928,807,954,967,982,1021,471,253,1226,1578,1487,1920,2403,2377,2354,2328,2306,2289,1624,0,1021,530,307,1221,1422,182,183,2124,1420,1074,2131,2124,2117,2111,2108,701,2121,2111,2111,2101,2100,1745,1581,1927,1876,1279,957,1593,1594,1593,1597,1602,1256,1391,1608,1613,1619,1630,1647,1658,1665,1672,1683,1694,1707,1718,495,0,0,2020,2376,2396,2423,2446,2467,2496,2518,2544,2575,2613,2637,2664,2702,2727,1887,1611,1371,2105,2032,2139,1778,2153,2749,3245,3322,3338,3455,719,896,913,756,1154,1059,0,812,2668,2648,2728,2740,2198,673,0,0,0,0,0,0,2583,1762,7238,3592,0,0,0,0,0,0,5489,1592,2821,2520,2507,3841,8077,10054,8794,7816,3346,2007,1434,1677,837,0,976,929,805,950,896,952,624,366,319,4900,3783,0,2283,3840,0,0,0,2768,4867,2381,0,2284,5707,6248,7677,7811,8649,6174,1145,0,0,0,0,0,0,0,0,4208,8868,10136,0,0,0,0,0,0,1958,2752,0,0,0,0,0,121,966,1048,1047,1073,337,2011,2509,0,0,1449,727,2356,1138,3558,5322,4671,925,2659,2030,166,1742,3974,5446,3500,5673,1968,200,1124,0,1728,0,0,0,0,0,0,0,0,0,0,0,0,0,1017,0,0,1144,0,0,0,0,0,0,0,787,0,0,0,0,0,0,0,0,353,403,101,0,0,0,0,0,81,458,575,482,465,0,0,0,1682,1897,1852,2399,928,303,460,397,178,457,604,924,369,1227,1538,1780,1966,2072,1516,2378,1544,1539,1145,1025,754,2333,2400,594,912,716,1402,1601,1591,1725,1424,594,527,235,0,0
2024-08-04 15:20:39.786234,0,248,2064,2482,2489,2496,2503,2514,2523,2531,2541,2502,2471,2482,2185,0,1268,2633,2663,2646,970,154,525,528,525,0,0,529,531,533,535,0,0,0,0,0,0,0,0,0,0,0,451,688,928,943,955,967,982,904,509,156,1551,1502,1068,1962,2406,2378,2353,2328,2306,2290,1136,0,509,0,269,1781,1218,104,183,2125,859,1283,2130,2120,2114,2110,2105,2101,2097,2091,1744,1741,1890,1226,1141,1593,1594,1593,1595,1595,1595,1596,1598,1602,800,1610,1612,1618,1620,1635,1646,1656,1665,1671,1683,1693,1707,1473,288,0,0,1347,2379,2397,2424,2444,2465,2499,2534,2560,2590,2628,2672,2709,2743,2767,1262,725,0,1868,3048,3111,3177,3228,3302,3384,3470,3535,3608,0,0,0,0,0,0,0,1774,2636,2649,2731,2739,2770,1645,0,0,0,0,0,0,861,0,7214,4790,0,0,0,0,0,0,4399,1197,2984,4604,2506,4401,5130,8355,6687,8049,3357,2872,2006,225,560,0,978,724,899,935,711,1079,1081,1097,479,0,0,0,5730,6874,0,0,0,0,0,0,0,0,4775,4378,7070,6159,6912,7046,1409,0,0,0,0,0,0,0,0,4234,8866,7625,0,0,0,0,0,0,1955,2402,0,0,0,0,0,274,1073,1059,1058,896,326,2357,2907,0,1241,723,669,3175,615,4038,5070,4516,1467,2662,2100,128,2160,2536,6186,3765,6847,1235,0,1346,0,0,0,0,0,0,0,0,0,0,0,0,0,0,0,0,0,0,911,0,0,0,0,0,0,0,920,0,0,0,0,0,0,0,0,323,404,152,0,0,0,0,0,0,285,575,579,291,0,0,0,2705,2861,2041,3215,1192,189,375,0,487,709,795,622,0,827,1230,2201,2143,2115,904,2343,2318,2309,2291,2275,2261,2262,0,834,463,443,965,2402,2388,2373,1772,0,0,0,0,0
2024-08-04 15:20:40.905460,0,0,2483,2483,2492,2497,2504,2512,2522,2532,1400,2502,2489,2503,1893,1584,1990,2538,1741,1732,1661,1293,379,526,525,525,0,528,530,532,536,0,0,0,0,0,105,0,0,0,0,0,0,458,776,937,953,971,990,851,557,583,1135,1253,1424,2006,2406,2377,2352,2334,2312,2292,1492,325,290,0,290,1317,1418,210,719,707,1597,1256,1600,1592,1270,2123,1691,1592,2114,2104,1866,1772,2030,1748,1173,1595,1395,1594,1595,1595,1597,1598,1600,1605,1132,1450,1614,1622,1626,1637,1650,1656,1664,1673,1404,1694,1703,1719,865,0,0,1177,2036,2400,2427,2446,2470,2496,2525,2560,2590,2611,2656,2684,2718,2719,1380,876,1748,2957,1521,2474,3110,3146,3256,3269,3332,3438,2332,926,470,667,849,495,586,712,1718,2740,2647,2721,2733,2723,1087,1080,0,0,0,0,0,2300,2751,4835,5767,1381,1722,1411,3598,1801,0,3682,949,3606,4261,4510,5379,5952,8958,8699,7555,5906,1681,2515,1281,0,1456,0,0,0,0,563,373,735,333,997,1089,1084,905,899,932,810,331,311,0,972,2650,5342,3527,5963,6979,5452,5455,5567,2468,2045,1655,0,0,0,3024,4108,0,0,8466,5212,6400,3083,3535,2284,1265,0,0,646,2299,1104,0,0,0,0,454,1073,1063,1061,633,88,4468,2291,0,613,666,0,2546,0,6453,5229,5674,4913,813,278,0,821,3163,3673,5473,5369,3319,646,964,1324,1309,0,0,0,0,0,0,0,0,0,0,0,0,0,1522,1018,0,507,680,0,0,0,0,0,228,553,264,0,0,0,0,0,110,121,315,288,110,0,0,214,128,58,0,286,574,577,217,0,0,0,1265,835,650,3226,456,684,377,0,0,609,882,1456,469,331,1355,573,1962,2061,376,2094,206,628,2177,2033,1734,2347,2395,1434,1588,1775,1854,799,953,791,527,0,0,0,0,0
2024-08-04 15:20:42.085469,0,0,2478,2481,2491,2495,2501,2512,2521,2532,2246,2490,2483,2492,2505,842,1557,2585,1978,2061,1634,1283,415,528,525,0,0,528,530,533,536,0,0,90,0,0,0,0,0,0,0,0,182,915,926,941,954,967,982,1020,556,100,1014,1319,688,1773,1799,1584,2411,2105,2034,2328,1543,994,829,748,700,1224,712,512,275,0,0,0,0,0,0,0,0,310,2142,2126,2115,2106,2101,2095,1495,1927,1876,1493,638,1595,1596,1596,1597,1602,1283,1607,1612,1616,1620,1631,1648,1656,1665,1673,1685,1695,1706,1718,869,0,0,1885,2377,2401,2426,2445,2469,2495,2520,2553,2579,2609,2650,2689,2723,2752,1469,1336,1122,2111,2178,3025,2538,3167,3256,3337,3339,3464,2802,1081,824,834,1135,694,1178,1193,402,372,765,388,782,1613,2377,1942,2149,1611,898,343,609,1920,2930,0,0,0,0,0,0,6880,3609,4795,1954,0,0,0,1373,4722,5508,7607,5520,4785,1674,4200,3651,5025,4043,2352,221,365,430,424,211,424,1217,1398,997,1070,1051,961,906,898,916,541,0,0,969,7294,7294,8332,7277,6636,7627,3463,2225,1188,2027,1955,1232,2966,7364,5710,2247,0,0,2077,1129,3751,2480,2923,0,0,0,1958,1535,2562,0,0,0,1076,404,1072,1067,796,847,1998,1453,2908,688,0,764,0,3268,0,5238,7325,6124,4739,2828,555,2950,2095,2721,1156,2252,4184,5222,3415,2242,837,0,0,0,0,0,0,0,0,0,0,0,0,0,0,0,0,0,1306,381,0,0,0,0,0,304,791,264,0,0,0,0,0,0,57,289,353,50,0,0,0,57,127,320,431,256,712,1247,1316,2145,793,704,835,688,1727,1136,612,767,319,0,128,1211,1507,0,618,1846,1411,1649,2279,2280,2361,1449,764,1814,1787,1963,2379,2398,1025,1461,2147,1325,1801,1194,1425,944,0,0,0,0,0
2024-08-04 15:20:43.354313,0,614,2481,2482,2490,2497,2503,2512,2521,2530,2543,2495,2471,2481,1875,418,1444,2590,2664,2634,738,183,528,526,526,526,0,529,530,533,446,0,0,0,0,0,0,0,0,0,0,0,361,916,930,941,953,966,982,1020,393,575,1825,1615,1245,2049,2406,2376,2351,2336,2311,2290,1137,0,256,0,0,1786,1333,183,105,2123,1066,1072,2130,2123,2118,2110,1405,841,2126,2113,2108,2096,2095,2092,1230,1736,1694,1704,1367,1595,1596,1597,1597,1604,1378,1609,1613,1618,1622,1633,1647,1656,1664,1672,1684,1695,1707,1717,518,0,0,1179,2375,2400,2425,2445,2466,2493,2517,2550,2581,2606,2653,2677,2708,2745,1496,1197,1228,2557,1832,2581,2593,2827,3235,3290,3299,3405,3524,998,599,667,1047,632,587,713,1905,2069,2663,2732,2737,2737,904,0,0,0,0,0,0,858,2952,7241,5129,0,0,0,0,0,0,2925,1333,3518,5789,1435,5114,5790,8783,8619,8068,6351,3778,5029,5188,0,2068,1254,941,1371,366,270,305,525,1113,1294,1017,1079,1067,1063,992,925,505,155,0,0,1772,8087,5376,8000,8761,8544,8386,5945,0,0,0,0,0,0,3526,4116,1686,0,6381,6907,5812,0,636,0,0,0,0,1304,1918,0,0,0,337,0,684,1070,1059,1060,598,0,3418,2653,0,0,0,0,2541,0,5205,7310,7208,2797,3679,333,555,0,4067,6870,1125,6665,4161,1125,1346,2236,0,0,0,0,0,0,0,0,0,0,0,0,0,0,0,0,0,1212,612,0,0,0,0,0,1097,616,0,0,0,0,0,0,0,134,403,403,163,0,0,0,0,0,71,447,328,412,570,1107,926,913,1209,1254,1336,2185,1595,252,746,190,309,488,269,836,0,234,1671,1024,1939,2113,1299,1579,663,1152,1345,1139,1735,2334,2398,1507,1210,1332,2127,1334,1591,1483,1053,0,0,0,0,0
2024-08-04 15:20:44.927632,0,403,1487,1240,1994,1996,1667,2011,1682,2024,1449,2489,2487,2496,2512,848,1426,2548,2196,2238,1880,749,454,529,526,0,0,528,530,532,429,0,0,108,0,0,0,0,0,0,0,0,360,916,929,941,954,966,981,913,683,351,1405,1116,1077,1693,2405,2378,2353,2328,2308,2290,853,536,509,0,538,1835,1066,274,105,2123,0,2148,2132,2122,2116,2112,1404,701,2121,2112,2108,2098,2095,1495,756,1737,1716,1436,1367,1594,1595,1596,1598,1603,1469,1485,1611,1616,1619,1635,1647,1656,1665,1673,1683,1695,1706,1721,576,0,0,1346,2377,2397,2423,2445,2467,2494,2522,2550,2587,2620,2647,2693,2731,2359,1295,879,1749,1998,2615,2496,2714,2779,2800,3345,3390,3403,3107,461,658,420,425,693,505,364,1421,2652,2654,2726,2740,2760,1960,386,0,0,0,0,0,1973,3485,5790,5996,0,0,0,0,0,0,4212,0,4367,6817,3342,6488,8941,8599,5561,6693,2582,2228,2237,0,0,2185,0,0,2118,0,0,0,0,2047,448,1097,1072,1065,1072,1098,1128,403,0,0,0,1752,6788,6781,8085,8749,8594,8405,4988,4097,0,0,0,0,0,3541,3420,0,0,2666,7431,4084,2336,148,255,337,168,250,1699,1221,720,639,593,369,0,1153,3448,5965,7993,1148,0,0,0,0,0,0,4357,1088,0,4825,7332,7342,4210,3664,1278,554,354,2877,3052,2767,2989,4117,1272,2249,0,0,726,750,1919,0,0,0,0,0,0,0,0,0,0,0,0,340,1516,305,0,0,0,0,0,403,821,206,0,0,0,0,0,0,44,404,403,203,0,0,0,0,0,0,508,574,578,363,0,0,0,1686,2224,1450,3218,1414,379,334,326,331,914,580,1006,232,1004,1219,1937,2302,2287,566,2370,500,459,1463,1748,1876,1416,1600,1742,1081,1064,1712,1917,2088,1693,945,0,0,0,0,0
2024-08-04 15:20:46.087761,0,202,1483,2459,2491,2496,2503,2156,2525,2531,1688,2495,2295,2500,2262,1382,1453,2562,1894,1742,1941,1193,378,529,673,527,0,528,749,533,536,0,325,77,0,0,283,0,0,0,282,0,260,786,1117,941,954,967,1144,1017,613,78,1133,1391,735,1961,1869,1902,2399,2147,2090,2323,2073,464,893,206,380,1497,711,432,245,1422,538,2141,2125,2116,2109,2104,2098,1054,1926,2108,1726,1992,1875,1894,1530,1815,1791,1533,1064,1595,1596,1597,1600,1443,1280,1610,1612,1619,1622,1632,1648,1656,1665,1673,1682,1694,1708,1474,576,0,0,1685,2378,2399,2424,2447,2465,2495,2524,2548,2579,2609,2657,2694,2704,2736,1551,1337,535,2932,2028,2487,3124,3099,3238,3312,3344,3411,3541,1621,660,667,1132,1157,702,711,1419,1493,1063,1556,1831,2396,2137,909,1167,1163,0,0,0,988,1721,7223,7186,0,0,0,0,0,0,3655,1026,1777,3349,2870,2944,4399,6045,5398,6799,1525,0,4239,1443,3332,10271,0,0,376,370,729,360,355,1605,635,1091,1078,1070,1090,1102,1130,417,0,0,0,0,8311,4675,6469,7187,8854,7243,6260,2046,1522,2546,2491,4273,2072,3531,2594,1445,0,3530,7756,2554,0,177,1222,584,579,401,1836,1522,920,1029,758,305,0,1155,3449,3410,8021,1332,1133,3274,0,0,0,0,3814,0,2099,4374,5847,4877,4844,1213,475,1004,1043,3056,1645,4586,6666,5086,2257,2695,1916,0,0,0,0,0,0,0,0,0,0,0,0,0,0,0,0,0,2025,436,0,0,0,0,0,260,1580,0,0,0,0,0,0,0,0,404,403,101,0,0,0,0,0,0,429,574,578,249,0,0,0,1265,1666,1631,3221,2389,379,660,624,292,569,806,476,0,835,1130,1486,2313,2296,1356,1769,617,575,2421,2367,2342,2352,2397,661,366,1312,1603,2033,2022,1977,1274,0,0,0,0,180
2024-08-04 15:20:47.203860,0,0,1238,1240,1990,1998,1669,2012,1684,2025,2009,2490,2492,2506,2516,1521,1644,2535,1565,1572,1977,1868,236,461,525,0,0,528,530,532,214,0,0,0,0,0,0,0,0,0,0,0,543,916,930,941,953,967,983,1020,338,158,1127,1590,1142,2149,2401,2378,2353,2330,2310,2289,569,0,768,517,308,1533,532,366,182,0,1060,2145,2135,2124,2115,2112,2107,534,2131,2122,2110,2102,2100,1794,1340,1843,1840,1518,911,1591,1595,1595,1597,1602,1276,1484,1610,1615,1621,1630,1647,1655,1665,1673,1683,1695,1705,1718,867,0,0,1962,2376,2396,2423,2445,2464,2487,2511,2542,2561,2590,2623,2655,2690,2708,2303,2155,1814,832,762,1465,2161,2489,2467,3146,3246,3218,3422,974,1197,1289,1138,1261,1472,0,931,1847,1863,1908,2132,1371,1610,818,544,297,0,0,0,2294,4356,6188,7179,1021,0,0,0,0,0,4119,2149,5325,6851,6024,5375,7977,8926,5560,4314,2007,2007,1114,1115,186,0,551,542,539,538,537,540,721,110,1133,904,960,968,2955,990,671,332,0,342,0,2149,2654,5186,5995,5112,4682,8284,7387,5783,2297,1011,0,0,1523,1757,2579,1679,0,2112,6490,6353,1290,0,149,340,145,0,2166,1671,624,822,1032,548,0,2020,1340,6819,4991,1600,1998,1140,0,867,0,0,2863,0,2118,4352,6078,4909,4673,0,729,278,1482,3536,2181,2703,6673,1342,1350,1349,1342,0,0,0,0,0,0,0,0,0,0,0,0,0,0,0,0,0,2032,0,0,0,0,0,0,0,1105,371,0,0,0,0,0,0,80,404,404,135,0,0,0,0,0,0,572,575,578,388,0,0,0,0,2506,928,2756,2274,433,532,109,0,478,798,498,0,504,1405,1715,2318,2278,1129,2374,996,460,573,910,904,1412,1201,899,956,1366,1597,2129,1703,1844,709,0,0,0,0,0
2024-08-04 15:20:48.449699,0,0,1859,1862,1990,2183,1946,1884,2017,2252,2543,2497,2469,2482,1872,0,843,2604,2667,2644,741,439,531,526,525,527,0,529,530,533,428,0,0,0,0,0,0,0,0,0,0,0,181,917,932,942,955,968,984,1012,406,113,1391,1261,1288,1730,1201,1074,2119,1923,1846,2339,1869,1392,1603,455,909,804,1288,499,209,1066,2134,2145,2129,2122,2117,2110,2109,351,2136,2124,2115,2104,2103,2098,1771,2010,2018,1922,455,1594,1593,1592,1593,1600,1594,1606,1610,1613,1617,1628,1648,1656,1663,1673,1684,1697,1707,1718,648,0,0,1885,2373,2397,2424,2447,2467,2490,2509,2541,2564,2593,2619,2651,2678,2705,2304,2202,1612,2051,1018,1751,2468,2568,3133,3154,3176,3297,3315,1625,1650,1864,1952,1489,2209,715,356,910,1062,909,1372,902,1847,1363,1817,1797,0,0,0,2073,2952,7221,7194,0,0,0,0,0,0,3677,2055,3442,4189,2876,2888,3847,5025,5006,5190,3055,3349,8420,4580,3530,6864,728,661,482,580,680,872,765,468,369,3827,4925,0,2861,1910,0,0,0,1620,5572,1913,2671,3651,5393,5266,5686,8852,6001,0,1306,1301,0,0,0,4232,5149,2024,0,2654,6231,6119,0,764,0,254,336,0,1288,1956,560,721,725,924,621,0,0,5312,6656,1600,0,1332,0,0,0,0,2540,0,2959,3632,6277,5517,5424,2489,1119,278,1471,4728,4872,5476,4479,3473,1349,2226,0,0,0,911,960,1340,0,0,0,0,0,0,0,0,0,0,0,0,1905,306,0,0,0,0,0,608,1106,0,0,0,0,0,0,0,147,282,302,40,0,0,82,172,105,104,491,504,361,217,1118,720,637,1363,903,1449,1695,1657,252,749,227,0,481,959,1217,0,731,1806,1163,1691,2267,2285,0,0,0,0,0,0,0,0,0,587,944,1318,2232,2391,2380,1867,432,197,337,0,0
2024-08-04 15:20:49.656178,0,0,2476,2485,2491,2496,2499,2515,2525,2535,1957,2503,2489,2508,2236,1521,1932,2552,1290,1467,1761,1680,228,410,525,0,0,528,530,533,402,0,0,0,0,0,0,0,0,0,0,0,182,786,927,941,954,965,979,1017,583,0,1074,1451,1068,2007,2404,2381,2356,2332,2309,2286,1363,0,0,0,0,1604,913,145,275,2132,1433,2142,2132,2119,2114,2108,2101,1057,2119,2110,1838,1957,2025,1748,1495,1520,1716,1436,1395,1595,1597,1598,1600,1605,916,1476,1614,1619,1624,1635,1647,1656,1666,1674,1682,1692,1707,1718,0,0,0,2064,2380,2402,2422,2441,2465,2494,2527,2558,2579,2619,2658,2689,2732,2746,1624,1474,462,1463,2604,2661,2698,2705,3238,3294,3414,3432,3108,462,408,666,378,493,880,0,2117,2624,2658,2723,2740,2791,2307,0,0,0,0,0,0,2588,3481,7232,7200,0,0,0,0,0,0,4394,1982,4238,4019,2866,6151,7243,10084,6299,6289,3131,553,473,0,277,1111,1092,1074,1059,1057,1064,1081,539,362,367,4574,4543,0,2283,2299,0,0,0,1912,5820,6357,7380,4549,6411,6569,8870,6352,6234,8665,1310,0,0,0,0,0,0,0,0,5287,8297,10159,2518,0,0,0,0,0,1961,3077,0,0,0,0,0,351,1038,1031,1029,1046,414,2125,1002,0,0,862,1783,1528,0,3644,5126,4632,4117,2662,2072,256,915,0,3087,3406,6792,4159,847,3856,1679,0,0,0,0,0,0,0,0,0,0,0,0,0,0,0,0,0,1215,0,0,0,0,0,0,0,919,184,0,0,0,0,0,0,57,359,403,162,0,0,0,0,0,0,429,574,578,333,0,0,0,841,2225,407,3226,1273,568,503,0,78,441,618,501,0,654,1428,2163,1692,2114,903,2369,994,924,918,1571,1155,2371,2399,1209,1057,947,1194,1800,1433,1316,1182,0,0,0,0,0
2024-08-04 15:20:50.913928,0,0,2477,2485,2489,2497,2504,2512,2521,2533,1952,2493,2491,2503,2201,1691,1924,2228,1566,1462,2049,1773,267,468,525,0,0,527,530,533,321,0,0,77,0,0,0,0,0,0,0,0,302,916,928,941,953,967,982,1020,471,91,1117,1452,900,2252,2400,2377,2355,2332,2308,2286,973,0,584,0,268,1874,608,365,147,2139,1086,2141,2124,2119,2111,2104,2098,419,2131,2113,1761,1906,2003,1931,1894,1926,1964,1227,1062,1597,1597,1595,1599,1603,1449,1608,1611,1616,1696,1637,1648,1655,1664,1672,1684,1694,1706,1719,577,0,0,786,2375,2402,2425,2443,2463,2491,2524,2547,2586,2614,2643,2684,2728,2752,1309,1560,1106,2393,2286,2481,2538,2543,3250,3302,3343,3127,3514,1080,825,835,1136,694,704,0,408,1338,1895,1807,1367,1551,1784,1023,1094,599,0,0,0,983,2756,0,0,0,6897,0,0,7204,0,4006,2055,0,0,0,2162,1194,5003,5364,5766,6109,2236,6690,2892,6724,10060,1788,0,0,0,0,0,0,536,955,1096,1091,955,823,826,833,723,421,0,1378,2420,1353,2039,4068,4371,4674,5268,6395,5689,2305,0,2522,1736,2746,3298,0,0,0,3528,5929,4376,1449,3523,5885,1445,0,0,489,1707,1292,547,0,0,0,722,1032,1027,1040,491,161,4377,2002,0,0,1768,0,2727,1141,3617,5880,5659,4506,3856,2392,166,185,651,5311,4299,5988,2332,1585,843,0,0,0,0,0,0,0,0,0,0,0,0,0,0,0,1522,0,0,871,0,0,0,0,0,0,228,554,206,0,225,0,0,0,50,147,283,251,90,0,0,143,157,72,0,409,574,578,291,0,0,0,1681,2114,1797,2406,1586,423,443,146,0,631,733,1262,471,1355,1369,1895,2293,2265,2278,2374,1237,0,1273,1830,1816,2407,2395,1035,1057,2148,1192,1501,1493,1423,1052,0,0,0,0,0
2024-08-04 15:20:51.900567,0,0,1859,1772,2074,2139,1876,2010,2101,2169,2245,2494,2483,2494,2506,848,1419,2200,2055,2042,1499,1263,329,461,525,0,0,529,531,532,107,0,0,0,0,0,0,0,0,0,0,0,544,916,928,941,955,968,983,1020,470,77,1208,1465,1159,2010,2402,2378,2352,2330,2310,2291,285,0,763,600,538,2144,799,313,91,2125,1433,2149,2134,2122,2118,2114,2108,1051,2112,2110,2107,2098,2097,700,1231,1844,1842,1410,1064,1588,1594,1595,1598,1603,1318,1485,1611,1618,1620,1632,1648,1657,1664,1672,1683,1695,1706,1718,741,0,0,1177,2376,2398,2424,2445,2465,2494,2519,2550,2572,2607,2646,2669,2712,2682,1886,1903,1082,967,1739,2075,2500,2699,3188,3241,3316,3343,3468,810,549,1031,682,629,1087,0,1049,2304,2654,2727,2742,2346,1094,0,0,0,0,0,0,3453,1989,7221,5988,0,0,0,0,0,0,2914,1983,2598,3270,2229,4466,6287,10115,8945,7313,3368,2245,3659,0,0,0,0,0,0,0,0,0,0,626,928,1092,1072,1066,1070,1095,908,294,408,174,0,966,5684,3401,5567,6129,5343,6991,7317,5754,1155,1013,0,0,0,4245,3436,0,0,0,7425,6791,774,0,0,0,0,0,3195,2907,295,410,343,300,539,392,805,1866,2761,575,466,2259,0,0,3547,1994,952,951,820,2401,4561,4902,3614,1628,1075,501,2118,1844,932,3959,5869,4905,2707,4047,1923,0,0,0,0,0,0,0,0,0,0,0,0,0,0,0,0,0,2635,436,0,0,0,0,0,0,920,0,0,0,0,0,0,0,57,404,404,202,0,0,0,0,0,0,571,575,578,498,0,0,0,560,2862,465,2815,2124,325,561,111,0,412,801,166,0,472,1273,1790,2167,2269,1784,2409,1658,0,849,1629,812,1203,1598,1215,956,1195,1497,2130,1789,1779,1188,0,0,0,0,0
2024-08-04 15:20:52.876160,0,0,1238,1860,2136,2081,1788,2094,2162,2109,2216,2497,2478,2493,2511,1401,1665,2564,1977,1975,1642,1125,464,528,526,0,0,528,530,533,535,0,0,0,0,0,0,0,0,0,0,0,604,686,928,942,955,968,982,1016,511,254,1530,1568,1001,1963,1803,2378,2351,2331,2312,1834,1849,801,1135,942,467,1486,1474,909,121,1067,354,854,1064,2123,1764,1609,1804,1756,2100,2101,1202,1811,1718,1716,1328,1594,1595,1595,1595,1597,1597,1602,1603,1460,1071,1469,1617,1624,1631,1636,1646,1653,1665,1672,1679,1690,1705,1521,428,379,215,1502,1782,2098,2154,1629,2453,2478,2488,2525,2562,2582,2628,2658,2671,2707,1729,1484,1556,1846,2030,2354,2270,2692,2871,3301,3328,3367,3130,810,897,1007,757,1300,1329,0,1067,1452,1774,1818,1370,1658,1332,908,921,718,489,391,498,1232,2067,2902,2862,0,0,0,0,0,1216,5078,651,2358,2936,1255,3196,6652,9051,6807,8300,4096,2745,3043,3079,3348,2507,0,0,0,0,0,267,424,1117,770,821,1076,1074,1086,955,740,241,160,126,0,0,2244,419,4853,4001,5790,7005,9058,6768,4296,1453,1435,2115,1379,2356,3456,2914,0,2112,4468,4359,0,4114,1715,0,0,0,1159,1399,894,513,388,586,537,393,519,1180,3719,2376,1678,1812,0,0,1598,1331,1525,0,925,1051,1837,3299,2617,2446,2752,3349,3266,1499,0,3896,3566,4647,1693,4046,1680,3250,3484,1352,2687,0,0,0,0,0,0,0,0,0,0,0,0,458,1314,0,0,0,0,0,0,456,1053,0,0,0,0,0,0,0,100,403,404,232,0,82,82,144,0,114,409,479,413,733,956,471,651,1223,2754,464,2808,2249,189,753,541,391,527,800,572,0,0,1498,1675,2137,2105,1631,2363,2411,1538,1146,1515,1131,0,0,612,479,907,1204,2396,2385,2371,1424,0,0,0,0,0
2024-08-04 15:20:53.857916,0,309,2476,2481,2490,2499,2500,2512,2522,2532,2542,2498,2470,2482,2498,0,506,2605,2662,2635,1034,338,421,527,526,527,0,529,530,533,429,0,0,108,0,0,0,0,0,0,0,0,302,763,927,941,953,967,980,1019,578,144,1383,1593,1252,2008,2402,2378,2355,2332,2307,2287,852,0,612,471,429,1904,1066,243,220,2124,0,1074,2133,2123,2120,2112,2107,601,2132,2122,2111,2105,2102,1399,1971,1950,1869,1181,910,1594,1593,1593,1596,1602,1207,1436,1611,1613,1618,1634,1646,1656,1666,1673,1684,1693,1707,1717,519,0,0,1415,2379,2398,2424,2444,2465,2492,2522,2541,2571,2604,2639,2655,2699,2700,1988,1693,1851,1469,1524,2192,1723,1810,2780,3218,3287,3275,2867,1178,940,1029,972,1260,1086,357,1707,2286,2651,2727,2742,2759,1969,0,0,0,0,0,0,3063,1178,7249,5997,0,0,0,0,0,0,3786,5098,5564,6268,6701,3850,5041,7160,3943,1677,2965,4312,4300,2009,3348,6692,0,0,0,0,0,0,0,610,992,1094,1073,1065,1069,1091,976,362,483,227,0,0,3875,4016,4865,4871,5391,7785,6790,5880,0,0,0,0,0,0,0,0,0,4249,8661,6103,0,0,0,0,0,0,3337,1225,295,293,258,302,364,524,806,1683,3007,519,466,1128,1335,0,1993,998,1737,1906,0,2404,5091,4081,3229,3634,2181,501,1309,922,1230,2649,4014,5533,1129,4500,1122,0,0,0,0,0,0,0,0,0,0,0,0,0,0,0,0,0,1523,0,0,0,0,0,0,0,1150,0,0,0,0,0,0,0,67,403,405,135,0,0,0,0,0,0,500,575,578,415,0,0,0,1124,2862,820,3216,2653,0,558,192,129,514,801,166,0,527,1202,1789,2159,2272,1131,2436,0,0,1273,1218,1208,2407,2399,1212,679,686,1366,1716,1792,1977,1699,0,0,0,0,0
2024-08-04 15:20:54.850572,0,0,1770,2481,2488,2496,2502,2513,2522,2532,2543,2494,2468,2482,2222,0,950,2605,2666,2637,1150,203,528,527,525,0,0,529,531,533,535,0,0,90,0,0,0,0,0,0,0,0,603,916,929,941,955,968,983,1020,284,206,1727,1410,669,2031,2403,2378,2352,2330,2311,2292,1136,0,612,0,538,1071,1066,292,0,2123,916,1784,2130,2121,2115,2110,2105,2103,2098,2093,1744,2035,1923,1226,958,1594,1593,1594,1595,1594,1595,1597,1597,1602,1311,1608,1612,1615,1619,1635,1649,1658,1666,1672,1684,1694,1707,1719,494,0,0,675,2375,2398,2426,2446,2468,2499,2521,2554,2582,2615,2662,2691,2725,2691,1472,1337,759,2139,2178,2669,3127,3168,3261,3334,3363,3458,3541,649,412,417,851,385,439,396,1428,2270,2660,2732,2740,2741,1006,0,0,0,0,0,0,984,1370,7237,3597,0,0,0,0,0,0,7454,1334,6920,5732,7535,6171,7649,10057,2877,3824,2663,472,0,0,0,0,0,0,0,0,0,0,0,487,1000,1086,1068,1061,1074,1113,790,0,0,0,0,0,6823,6569,7383,8774,8604,8461,8300,2040,0,0,0,0,0,0,0,0,0,2640,10404,5112,0,0,0,0,0,0,1887,1521,564,514,564,528,309,150,297,4228,5996,1288,263,134,0,0,0,0,4419,0,1057,4353,5494,4890,3679,2749,2068,185,1012,2900,4409,2256,5769,2340,970,1124,0,0,0,0,0,0,0,0,0,0,0,0,0,0,0,0,0,0,1216,0,0,0,0,0,0,366,922,0,0,0,0,0,0,0,80,336,403,163,0,0,0,0,0,0,476,575,578,349,0,0,0,2537,2227,2175,3218,1275,302,621,0,311,435,534,835,0,652,952,1824,2001,2031,565,1413,773,1385,1935,2318,2316,2326,2396,544,562,800,1108,2033,2170,2008,1457,0,0,0,0,0
2024-08-04 15:20:55.862066,0,0,2478,2484,2489,2496,2502,2515,2523,2533,2540,2513,2469,2485,2499,313,1518,2623,2666,2641,862,164,526,526,526,527,0,529,531,533,536,0,107,0,0,0,0,0,0,0,0,0,227,656,928,942,955,966,979,1019,584,429,1557,1498,1072,1918,2402,2376,2354,2330,2307,2288,1817,0,0,0,0,1334,1707,91,184,2125,860,1430,2131,2122,2117,2111,2107,2104,2099,2096,2094,2091,2089,1043,959,1596,1594,1593,1595,1593,1593,1595,1597,1602,1069,1608,1611,1617,1617,1637,1647,1657,1664,1672,1683,1693,1707,1721,215,0,0,886,2378,2397,2426,2445,2465,2499,2526,2553,2584,2617,2664,2683,2720,2751,1469,1004,697,2111,2285,2667,2371,3157,3261,3334,3382,3445,3036,816,376,417,680,578,391,395,1623,2178,2654,2730,2744,2758,1385,338,0,0,0,0,0,0,1373,7235,5394,0,0,0,0,0,0,3779,0,4544,9225,6031,7707,6044,10105,6366,4027,3376,5746,3349,2021,0,0,0,0,0,0,0,0,0,487,777,1090,1070,1065,1072,1104,990,121,246,103,0,0,4873,3137,5741,6818,7131,6295,6780,1593,0,0,0,0,0,4234,4100,1262,0,6386,7781,4057,765,0,0,0,0,0,1147,1861,563,513,618,525,642,469,2374,4371,3005,1139,0,1772,1142,0,0,0,1903,1909,1851,4294,6109,5885,1936,4934,492,0,1464,4066,5575,1125,5046,2813,1359,1350,1341,0,0,0,0,0,0,0,0,0,0,0,0,0,0,0,0,0,614,0,0,0,0,0,0,1091,1531,0,0,0,0,0,67,0,100,337,288,101,0,0,0,71,63,144,287,459,506,129,0,336,0,1347,2367,1447,2584,1658,426,334,193,675,829,1202,237,389,421,1463,1426,1935,2270,2242,2382,0,0,2541,2464,1208,2409,2396,898,397,551,1852,2161,2046,2005,1941,0,0,0,0,0
2024-08-04 15:20:56.841494,0,0,1651,1930,1935,1998,2189,1885,2018,2215,2249,2504,2480,2489,2052,758,1249,2566,2115,2102,1460,953,411,529,526,0,0,528,530,533,536,0,0,90,0,0,0,0,0,0,0,0,181,786,929,942,954,966,982,924,544,624,1479,1578,1036,2144,2397,2371,2351,2328,2310,2291,1137,0,511,338,358,802,711,209,716,0,708,245,1420,1061,2149,2118,1410,1514,2125,2115,2108,2100,1986,1982,1382,1793,1780,1325,1196,1595,1599,1600,1599,1605,1460,1610,1613,1618,1626,1634,1649,1657,1664,1672,1685,1693,1705,1721,741,0,0,1178,2375,2400,2422,2445,2471,2499,2521,2553,2588,2618,2662,2691,2723,2771,872,1338,2165,1762,2036,2334,2536,3129,3248,2639,3238,3242,3402,1189,810,1648,1117,1142,1563,594,1619,1328,1900,1947,2348,2130,676,575,907,582,541,391,0,988,2756,3626,3521,2288,0,1800,3613,0,0,5682,899,1183,2510,3014,4121,8923,8988,8344,8358,3430,1258,0,0,0,0,0,0,0,0,1119,1116,731,135,982,1082,1068,1068,1083,855,486,419,375,228,0,0,1958,0,0,0,0,3223,9723,7924,1534,4551,6316,8633,8441,5885,1472,1141,1122,0,0,0,1336,5265,6890,762,0,0,0,0,2569,149,173,148,515,930,1036,1033,917,349,1128,5108,1777,0,2980,2983,0,1695,821,2079,3252,2767,4130,810,4461,1756,2435,4391,2647,3111,4528,2074,2318,1122,959,0,0,0,0,0,0,0,0,0,0,0,0,0,0,0,0,0,1307,511,0,0,0,0,0,455,789,266,0,0,0,0,0,0,50,347,346,135,0,0,0,0,0,0,358,816,495,618,711,0,108,825,1800,929,2277,1480,543,751,118,129,409,747,1325,0,522,2005,1175,1915,2071,980,1339,384,1646,1636,1626,2291,2334,2398,728,216,552,1090,1602,1953,1946,1580,365,237,430,0,0
2024-08-04 15:20:57.884844,0,190,2481,2482,2491,2498,2504,2514,2522,2532,2218,2505,2481,2489,1757,1261,1955,2563,2167,1975,1051,1008,422,527,525,527,0,528,530,533,536,0,0,0,0,0,0,0,0,0,0,0,181,802,929,941,954,969,983,922,380,435,1484,1373,1140,1918,2401,2375,2353,2332,2309,2290,1136,0,256,0,269,1530,1066,274,0,2129,2143,2144,2129,2121,2115,2110,2104,2102,2098,2094,1672,1673,1948,1889,797,1594,1595,1594,1595,1595,1597,1596,1598,1607,1290,1609,1612,1618,1623,1632,1648,1657,1663,1673,1685,1695,1705,1717,651,0,0,1347,2375,2401,2427,2448,2470,2492,2518,2551,2574,2603,2641,2676,2696,2724,1783,1932,1843,2461,1308,2491,1902,2735,3192,3272,3255,3378,2973,1082,943,668,1240,697,706,1021,2141,2275,2665,2730,2747,2347,679,339,0,0,0,0,0,1152,3937,7225,5984,0,0,0,0,0,0,4628,1271,2674,6156,5031,5541,8046,10101,7708,5015,3467,1265,2247,1489,0,2965,941,0,1510,820,810,641,799,459,973,1091,1097,964,903,827,275,310,323,141,0,2768,3612,3063,3833,5472,6265,7593,5103,1367,1147,1299,0,0,0,5287,4114,3391,0,6341,5185,6143,2535,952,0,0,0,0,631,2439,590,685,591,528,214,297,413,2711,4868,0,0,2488,1137,1377,0,978,2173,1267,1233,7289,7317,7374,5746,2801,422,0,289,4026,3704,4187,6696,2816,0,1683,1338,0,0,0,0,0,0,0,0,0,0,0,0,0,0,0,0,0,1019,0,0,0,0,0,0,0,368,308,0,0,0,0,58,0,0,173,346,116,0,0,0,71,143,230,345,419,210,455,674,1985,1304,938,893,790,1406,601,513,227,602,129,1304,1437,1010,290,0,1223,1109,2121,2104,382,1680,870,1648,1719,1821,1697,2307,2396,239,609,800,1719,2002,2171,2033,1382,0,0,0,0,0
2024-08-04 15:20:58.883455,0,701,2479,2483,2489,2496,2502,2513,2523,2529,2541,2508,2470,2487,1663,0,1265,2597,2660,2651,860,89,525,524,526,0,0,528,530,533,401,0,0,90,0,0,0,0,0,0,0,0,0,551,929,942,954,966,983,1020,552,295,1643,1996,1148,2228,2403,2379,2354,2331,2305,2288,1516,0,511,0,0,1834,1220,104,210,2130,427,1529,2126,2120,2113,2108,2102,2099,2095,2090,1743,1350,1792,1507,1368,1595,1595,1594,1595,1596,1597,1599,1600,1611,813,1610,1616,1620,1622,1641,1647,1656,1665,1672,1683,1693,1707,1720,432,0,0,1475,2377,2398,2423,2444,2465,2498,2529,2550,2584,2620,2654,2692,2726,2760,1470,879,924,2132,2611,2334,2647,3177,3227,3338,3420,3384,3032,403,729,371,423,865,391,0,2137,2632,2660,2730,2736,2763,780,0,0,0,0,0,0,862,1723,7221,4321,2419,0,0,0,0,0,3600,0,1660,3790,0,5912,1791,10046,10046,10042,8510,5749,5034,4039,0,865,0,0,849,0,0,0,0,1705,1206,1119,1098,1080,1081,1096,1144,574,0,0,0,879,7569,3126,7012,8773,8616,8463,7139,0,0,0,0,0,0,0,0,0,0,8423,10313,10190,2019,0,0,0,0,0,670,1739,556,653,636,527,239,400,1763,2081,5989,798,0,0,0,0,0,0,4364,0,2221,4545,5238,4794,5132,2194,2059,2375,1378,2154,5472,4602,4463,3418,750,1121,1118,0,0,0,0,0,0,0,0,0,0,0,0,0,0,0,0,0,340,0,0,0,0,0,0,202,1022,0,0,0,0,0,0,0,89,314,403,203,0,0,0,0,0,0,318,575,578,194,0,0,0,1871,2086,814,3227,1774,336,585,289,172,521,438,697,0,627,2049,1450,1903,2159,1758,2350,771,1154,1754,1517,1560,2410,2401,976,595,593,1194,1802,2048,1582,1775,0,0,0,0,0
2024-08-04 15:20:59.901413,0,444,2483,2486,2491,2497,2504,2513,2523,2533,2108,2503,2482,2493,1884,948,1565,2556,2055,1879,1315,1059,376,528,525,526,0,529,530,532,536,0,0,77,0,0,0,0,0,0,0,0,151,801,928,942,956,967,981,1016,567,390,1546,1600,843,1962,2404,2377,2353,2331,2308,2289,1989,0,409,0,0,1424,1333,220,220,2126,1418,1716,2132,2124,2117,2111,2107,2104,2098,2095,2094,2090,2087,1044,1066,1595,1594,1593,1595,1593,1593,1595,1598,1603,1201,1608,1610,1617,1618,1633,1647,1656,1664,1672,1684,1694,1706,1473,741,0,0,1010,2375,2399,2427,2446,2465,2495,2517,2547,2577,2603,2652,2668,2693,2734,1745,1569,1603,1954,1525,2075,3042,3092,3207,3273,3289,3350,3433,886,660,1005,1137,771,964,447,2442,2197,2653,2729,2744,2340,1165,0,0,0,0,0,0,1724,1144,7223,7187,2873,0,0,0,0,0,945,1201,3490,7174,2004,5152,3857,7959,6917,3762,1784,6690,7194,6144,4041,2308,1694,0,321,922,364,217,537,1716,1202,1115,1103,1091,1079,847,914,762,0,0,0,1936,3666,1706,8018,8761,8571,6743,5555,1172,0,0,0,0,0,3030,4136,1686,0,7917,6916,5826,768,0,0,0,0,0,1021,1546,637,616,751,670,236,303,1322,4550,5688,0,0,1996,0,0,0,0,2850,0,2114,4362,6284,5876,5065,5284,0,208,1216,3136,3981,1977,5000,4018,966,2246,1341,0,0,0,0,0,0,0,0,0,0,0,0,0,0,0,0,0,1144,0,0,0,0,0,0,779,786,231,0,0,0,0,0,0,115,289,403,174,0,0,164,105,0,52,447,288,705,803,1225,1382,496,1086,932,689,1701,1197,389,451,719,467,767,967,847,0,0,2188,1243,1768,2018,579,2041,1555,1783,2340,1821,1841,2311,2399,341,475,652,1332,2136,1953,1845,1420,0,0,0,0,0
2024-08-04 15:21:00.877420,0,0,2068,2485,2493,2497,2503,2512,2522,2533,2545,2504,2472,2484,1875,313,1517,2609,2668,2632,646,243,528,525,525,0,0,528,530,532,535,0,0,0,0,0,0,0,0,0,0,0,181,916,928,941,955,968,981,937,337,468,1663,1307,1064,2116,2402,2377,2352,2329,2308,2285,1298,0,256,0,0,1070,1279,365,0,2135,1718,2140,2127,2122,2115,2108,1580,1401,2107,2101,1797,1769,2007,1350,1197,1594,1594,1593,1595,1596,1597,1597,1602,1603,1213,1477,1614,1621,1625,1636,1647,1656,1665,1674,1683,1694,1706,1718,576,0,0,1650,2379,2399,2425,2443,2465,2493,2524,2546,2573,2607,2648,2659,2705,2730,1886,1146,694,2084,1741,2075,2357,2688,3204,3242,3282,3376,2995,972,657,1116,853,865,1177,0,1219,2661,2648,2729,2737,2742,1650,0,0,0,0,0,0,1147,3483,7211,5751,0,0,0,0,0,0,5305,1521,4537,7534,5737,6356,5053,8258,6373,1435,2965,5729,4293,2012,3356,6697,0,0,0,0,0,0,0,1704,825,1111,1092,1076,1074,1093,1143,796,0,0,0,1772,5389,5247,6759,8736,8537,5658,8328,0,0,2289,3576,4325,3378,2057,0,0,0,1758,6240,2915,0,6037,5107,2024,0,0,814,993,1340,410,413,423,269,583,2649,4006,4528,233,2008,2277,0,0,0,1768,2581,951,1057,4412,6215,4918,4857,1805,1543,0,0,2905,5148,4090,5802,3607,1140,0,1344,957,1056,966,959,0,0,0,0,0,0,0,0,0,0,0,0,0,1307,508,0,0,0,0,0,685,788,264,0,0,0,0,0,0,100,404,404,203,0,0,0,145,0,63,318,503,412,646,474,0,539,2065,955,1083,2408,1029,345,536,100,175,719,403,1293,1185,1020,1179,977,1797,1614,760,2335,923,1148,2384,2308,1838,2338,2398,700,730,1067,1750,1869,2123,1943,1583,0,0,0,0,0
2024-08-04 15:21:02.082510,0,0,2477,2484,2492,2497,2501,2514,2522,2533,2543,2503,2471,2486,2497,502,1686,2621,2664,2641,1033,182,526,525,525,0,0,528,531,533,428,0,0,77,0,0,0,0,0,0,0,0,181,785,928,942,954,966,979,1020,510,72,1580,1611,1021,2174,2404,2378,2354,2331,2310,2289,1136,0,227,0,0,1283,1333,243,162,2129,424,2143,2132,2121,2115,2109,1682,1515,2116,2106,1841,2049,1984,1285,1350,1706,1717,1484,1417,1595,1597,1598,1597,1490,1357,1494,1612,1616,1625,1634,1648,1657,1665,1673,1685,1695,1706,1504,518,0,0,589,2374,2399,2424,2446,2466,2493,2520,2553,2579,2609,2651,2676,2715,2707,1650,1346,655,1848,2035,2223,2666,2763,3230,3260,3345,3381,3065,972,731,1003,1020,769,961,444,1219,2633,2661,2731,2743,1955,1559,0,0,0,0,0,0,1973,2786,7219,4791,0,0,0,0,0,0,4120,3048,5185,5027,5035,9469,5670,8806,6696,3783,2627,1253,2235,0,0,1248,2501,0,372,553,727,542,537,2091,366,1112,1103,1091,1080,849,933,710,0,0,0,2640,6929,5117,6009,8794,8620,8469,8312,2051,0,0,2966,2172,2436,2761,0,0,0,4200,5917,3395,0,1507,3447,2019,0,0,1650,775,772,345,520,317,210,740,2643,1883,2233,891,1003,3545,1773,0,0,0,763,844,926,4411,6285,6228,5636,3179,1124,481,256,2546,4257,3831,5809,3579,966,3375,0,0,0,0,0,0,0,0,0,0,0,0,0,0,0,0,0,0,1305,0,0,0,0,0,0,520,1577,0,0,0,0,0,0,0,115,403,404,174,0,0,0,0,0,0,408,574,578,332,0,0,0,1442,2780,0,3224,2279,107,748,331,221,547,801,333,0,472,962,1497,2055,2295,565,1576,0,1151,763,2331,2344,2366,2399,1222,475,593,1802,1601,2047,1777,1579,0,0,0,0,0
2024-08-04 15:21:03.111651,0,176,2478,2482,2490,2497,2503,2513,2523,2532,2544,2498,2470,2483,1999,0,1266,2604,2662,2638,574,398,529,526,526,0,0,529,530,533,536,0,0,0,0,0,0,0,0,0,0,0,181,814,929,941,954,967,983,1022,509,190,1612,1530,691,1929,2404,2379,2353,2329,2309,2288,1011,0,817,0,238,1188,1067,292,73,2125,1063,1609,2132,2124,2118,2111,2108,2103,2099,2094,2094,2090,2088,836,913,1596,1593,1593,1594,1593,1594,1595,1596,1600,1332,1609,1609,1616,1619,1632,1647,1658,1664,1672,1684,1695,1706,1719,647,0,0,673,2375,2398,2426,2445,2466,2496,2516,2547,2575,2602,2649,2676,2695,2731,1887,1531,531,1962,1738,2076,3046,3098,3206,3223,3353,3345,3433,724,660,1220,856,771,1179,0,1897,2282,2657,2733,2738,2339,1164,338,0,0,0,0,0,1146,1151,7240,5138,1202,0,0,0,0,0,3240,2139,7087,8999,6022,7272,6827,8370,4298,5018,1676,4043,5053,4156,0,0,0,0,0,0,0,0,0,1876,750,1115,1093,1077,1074,1090,1143,854,0,0,0,0,4180,3526,7004,8744,8603,8453,8310,2060,0,0,0,0,0,0,0,0,0,3499,8251,5084,0,0,0,0,0,0,1638,920,622,647,579,639,314,0,2662,3989,6377,0,0,0,0,0,0,0,4581,0,1237,7187,7334,7334,4223,5140,580,279,289,3384,3981,966,5346,4286,848,2247,1340,0,0,0,0,0,0,0,0,0,0,0,0,0,0,0,0,0,763,0,0,0,0,0,0,519,788,231,0,0,0,0,0,0,57,288,404,116,0,0,0,0,0,0,409,575,578,415,0,0,0,2249,1908,1866,3218,1061,324,532,95,290,720,572,669,0,256,1876,1405,1744,1914,754,1559,1158,2307,2291,2273,2262,2263,0,453,182,405,862,2402,2388,2373,1691,0,0,0,0,0
2024-08-04 15:21:04.422678,0,0,1859,1774,1779,1784,2146,1886,2149,2517,2244,2511,2482,2497,1792,843,1558,2585,1978,1968,996,1188,397,526,525,0,0,528,531,532,402,0,0,0,0,0,0,0,0,0,0,0,363,655,928,941,954,968,983,848,546,94,1076,1623,1133,2273,2401,2378,2356,2333,2308,2288,1299,0,509,521,269,1530,532,146,274,2132,2148,2133,2116,2117,2111,2104,2097,1056,2114,2108,1638,1514,1882,1842,1405,1736,1717,1656,1197,1596,1596,1601,1603,1603,1067,1613,1615,1624,1625,1634,1646,1656,1665,1670,1680,1692,1700,1714,859,428,246,2251,1698,1997,1815,2421,2449,2467,2508,2529,2537,2590,2633,2651,2697,2722,1843,1301,1582,1684,2533,2659,3101,3196,3257,3287,3412,3461,2313,465,412,745,380,433,1010,0,2248,2669,2656,2721,2740,2221,0,0,0,748,382,910,685,4123,672,1346,0,0,0,0,0,6891,0,4572,1595,0,0,0,1686,6442,7874,8905,9105,5135,0,1831,1012,1670,10083,5212,0,0,2233,0,0,360,1653,555,1114,1095,1087,1084,1099,1142,758,0,0,0,2147,6804,4693,7437,8935,8897,8584,8455,4934,1261,1740,2126,1392,1374,0,0,0,0,6010,4440,7636,0,0,2581,1686,0,0,1266,2132,1088,257,311,464,507,429,1631,2190,2338,263,193,3184,1797,1347,1987,2290,1564,1909,1230,3589,4870,4412,2146,1465,1428,151,1852,3258,3092,4329,5961,3385,752,1931,1918,0,0,0,0,0,0,0,0,0,0,0,0,0,0,0,0,0,871,435,0,0,0,0,0,260,527,0,0,0,0,0,0,0,57,303,347,135,0,0,0,0,0,0,409,575,958,680,399,84,94,516,1413,543,2412,1131,654,758,0,111,357,604,208,0,912,532,1332,1872,2065,379,1955,768,1648,1910,1705,1614,2317,2400,478,679,716,1197,1371,1673,1846,1485,528,474,336,0,0
2024-08-04 15:21:05.566665,0,190,1239,2031,2074,2247,1946,2094,2283,2522,2539,2502,2472,2484,2500,313,1123,2599,2663,2622,737,339,527,525,526,526,0,528,531,533,306,0,0,0,0,0,0,0,0,0,0,0,604,915,929,941,954,968,983,1016,203,0,1431,1209,1266,1963,2401,2372,2351,2332,2312,2290,757,0,406,0,355,1788,710,245,0,2143,1087,2142,2124,2119,2111,2104,2099,698,1775,2115,1762,1939,1935,1932,1928,1926,1893,1442,797,1597,1597,1599,1596,1603,1611,1607,1613,1615,1620,1633,1648,1655,1664,1674,1684,1693,1705,1718,576,0,0,786,2377,2401,2425,2448,2471,2491,2516,2547,2561,2593,2638,2670,2692,2677,1988,2253,694,1935,1012,2184,2316,2571,3113,3208,3217,3273,3490,1176,660,1117,929,771,1061,445,1221,2267,2651,2728,2739,2364,789,0,0,0,0,0,0,2591,0,7217,5390,0,0,0,0,0,0,5719,1334,4199,4012,3765,3925,6944,9083,5600,6282,2054,0,574,0,0,0,0,0,0,0,0,0,0,2502,811,1115,1095,1078,1076,1094,1146,951,0,0,0,0,8101,8219,8302,8753,8605,8467,8306,2040,0,0,0,0,0,0,0,0,0,6332,10390,5128,0,0,0,0,0,0,1389,655,856,751,554,550,3402,1103,6840,4484,7997,1150,1134,2133,0,0,0,0,3814,0,0,5424,6283,4180,2778,3144,416,370,1232,3388,2661,2251,5374,5130,2255,2251,840,0,0,0,0,0,0,0,0,0,0,0,0,0,0,0,0,0,1301,0,0,0,0,0,0,609,921,411,0,0,0,0,0,0,134,403,404,135,0,0,64,58,0,51,508,460,514,218,334,0,720,1855,1835,1317,2763,1594,284,501,319,433,534,707,419,0,645,1468,1519,2058,2146,1829,2400,1239,0,0,0,1210,2405,2395,612,432,738,1402,1869,2025,1982,1731,366,237,430,0,0
